﻿pos_x,pos_y,rotation,side,designator,mpn,pack,value,mount_type,place
111.5,-97.5,180.0,top,C1,,CP_Radial_D10.0mm_P5.00mm,47uF,tht,True
168.95,-70.0,0.0,top,C2,,C_Disc_D8.0mm_W2.5mm_P5.00mm,0.1uF,tht,True
173.68,-63.0,180.0,top,C3,,CP_Radial_D10.0mm_P5.00mm,47uF,tht,True
194.35,-90.17,0.0,top,C4,,C_Disc_D8.0mm_W2.5mm_P5.00mm,0.1uF,tht,True
194.31,-93.98,0.0,top,C5,,C_Disc_D8.0mm_W2.5mm_P5.00mm,0.1uF,tht,True
156.0,-73.75,90.0,top,C8,,C_Disc_D12.5mm_W5.0mm_P7.50mm,680pF 2kV,tht,True
167.64,-73.66,-90.0,top,D1,,D_DO-35_SOD27_P7.62mm_Horizontal_NoK,FDH400,tht,True
170.18,-81.28,90.0,top,D2,,D_DO-35_SOD27_P7.62mm_Horizontal_NoK,FDH400,tht,True
167.64,-85.09,-90.0,top,D3,,D_DO-35_SOD27_P7.62mm_Horizontal_NoK,FDH400,tht,True
170.18,-92.71,90.0,top,D4,,D_DO-35_SOD27_P7.62mm_Horizontal_NoK,FDH400,tht,True
167.64,-96.52,-90.0,top,D5,,D_DO-35_SOD27_P7.62mm_Horizontal_NoK,FDH400,tht,True
170.18,-104.14,90.0,top,D6,,D_DO-35_SOD27_P7.62mm_Horizontal_NoK,FDH400,tht,True
199.0,-62.0,0.0,top,H1,,MountingHole_3.2mm_M3_ISO14580,MountingHole,tht,True
106.0,-107.0,0.0,top,H2,,MountingHole_3.2mm_M3_ISO14580,MountingHole,tht,True
190.0,-90.0,-90.0,top,HS1,,Ohmite_RA-T2X-25E,Heatsink_Pad,tht,True
190.0,-63.0,180.0,top,J1,,JST_XH_B5B-XH-A_1x05_P2.50mm_Vertical,Conn_01x05_Pin,tht,True
113.5,-106.0,0.0,top,J2,,JST_XH_B4B-XH-A_1x04_P2.50mm_Vertical,Conn_01x04_Pin,tht,True
162.5,-65.0,0.0,top,J3,,monitor_1p,Conn_01x01_Pin,tht,True
159.0,-79.0,0.0,top,J4,,SolderWire-0.5sqmm_1x01_D0.9mm_OD2.3mm,Wire,tht,True
150.35,-100.0,0.0,bottom,JP1,,SolderJumper-2_P1.3mm_Bridged_Pad1.0x1.5mm,SolderJumper_2_Bridged,tht,False
173.5,-72.92,-90.0,top,L1,,L_Axial_L7.0mm_D3.3mm_P10.16mm_Horizontal_Fastron_MICC,0.1uH,tht,True
173.5,-85.42,-90.0,top,L2,,L_Axial_L7.0mm_D3.3mm_P10.16mm_Horizontal_Fastron_MICC,0.1uH,tht,True
173.5,-97.92,-90.0,top,L3,,L_Axial_L7.0mm_D3.3mm_P10.16mm_Horizontal_Fastron_MICC,0.1uH,tht,True
176.53,-85.09,-90.0,top,R1,,R_Axial_DIN0204_L3.6mm_D1.6mm_P5.08mm_Horizontal,22,tht,True
147.0,-59.0,-90.0,top,R2,,R_Axial_DIN0309_L9.0mm_D3.2mm_P12.70mm_Horizontal,33,tht,True
163.83,-86.36,-90.0,top,R3,,R_Axial_DIN0309_L9.0mm_D3.2mm_P12.70mm_Horizontal,33,tht,True
176.53,-78.74,90.0,top,R4,,R_Axial_DIN0204_L3.6mm_D1.6mm_P5.08mm_Horizontal,22,tht,True
176.53,-96.52,-90.0,top,R5,,R_Axial_DIN0204_L3.6mm_D1.6mm_P5.08mm_Horizontal,22,tht,True
169.35,-107.95,180.0,top,R6,,R_Axial_DIN0309_L9.0mm_D3.2mm_P12.70mm_Horizontal,33,tht,True
180.12,-81.534,-90.0,top,U1,,TO-220-11_P3.4x5.08mm_StaggerOdd_Lead4.85mm_Vertical,LM2406,tht,True
142.26573,-91.053413,0.0,top,V1,,GZS8-6-1,~,tht,True
