﻿designator,quantity,value,pack,mpn,mount_type
"C1, C3",2,47uF,CP_Radial_D10.0mm_P5.00mm,,tht
"C2, C4, C5",3,0.1uF,C_Disc_D8.0mm_W2.5mm_P5.00mm,,tht
C8,1,680pF 2kV,C_Disc_D12.5mm_W5.0mm_P7.50mm,,tht
"D1, D2, D3, D4, D5, D6",6,FDH400,D_DO-35_SOD27_P7.62mm_Horizontal_NoK,,tht
"H1, H2",2,MountingHole,MountingHole_3.2mm_M3_ISO14580,,tht
HS1,1,Heatsink_Pad,Ohmite_RA-T2X-25E,,tht
J1,1,Conn_01x05_Pin,JST_XH_B5B-XH-A_1x05_P2.50mm_Vertical,,tht
J2,1,Conn_01x04_Pin,JST_XH_B4B-XH-A_1x04_P2.50mm_Vertical,,tht
J3,1,Conn_01x01_Pin,monitor_1p,,tht
J4,1,Wire,SolderWire-0.5sqmm_1x01_D0.9mm_OD2.3mm,,tht
JP1,1,SolderJumper_2_Bridged,SolderJumper-2_P1.3mm_Bridged_Pad1.0x1.5mm,,tht
"L1, L2, L3",3,0.1uH,L_Axial_L7.0mm_D3.3mm_P10.16mm_Horizontal_Fastron_MICC,,tht
"R1, R4, R5",3,22,R_Axial_DIN0204_L3.6mm_D1.6mm_P5.08mm_Horizontal,,tht
"R2, R3, R6",3,33,R_Axial_DIN0309_L9.0mm_D3.2mm_P12.70mm_Horizontal,,tht
U1,1,LM2406,TO-220-11_P3.4x5.08mm_StaggerOdd_Lead4.85mm_Vertical,,tht
V1,1,~,GZS8-6-1,,tht
