﻿pos_x,pos_y,rotation,side,designator,mpn,pack,value,mount_type,place
126.45,-123.0,180.0,top,C1,,C_0805_2012Metric,0.1uF,smt,True
153.0,-110.0,180.0,top,C10,,C_1812_4532Metric,1uF,smt,True
124.2,-118.0,180.0,top,C2,,CP_Elec_6.3x5.9,C_Polarized,smt,True
121.4675,-98.7,0.0,top,C3,,C_0805_2012Metric_Pad1.18x1.45mm_HandSolder,0.01uF,smt,True
121.505,-104.8,180.0,top,C4,,C_0805_2012Metric_Pad1.18x1.45mm_HandSolder,100pF,smt,True
121.555,-107.8,180.0,top,C5,,C_0805_2012Metric,1uF,smt,True
129.405,-112.3,180.0,top,C6,,C_0805_2012Metric_Pad1.18x1.45mm_HandSolder,4.7uF,smt,True
147.772,-95.504,180.0,top,C7,,CP_Radial_D10.0mm_P5.00mm,10uF,tht,True
145.0,-123.0,180.0,top,C8,,C_1206_3216Metric_Pad1.33x1.80mm_HandSolder,0.1uF,smt,True
153.0,-105.0,180.0,top,C9,,C_1812_4532Metric,1uF,smt,True
149.975,-117.0,0.0,top,D1,,TO-252-2_TabPin1,WNSC2D04650DJ,smt,True
134.005,-106.0,-90.0,top,FB1,,R_0603_1608Metric,FerriteBead_Small,smt,True
120.0,-91.0,0.0,top,H1,,MountingHole_2.7mm_M2.5,MountingHole,tht,True
154.0,-91.0,0.0,top,H2,,MountingHole_2.7mm_M2.5,MountingHole,tht,True
146.0,-126.625,-90.0,top,J1,,PinHeader_1x08_P2.54mm_Horizontal,Conn_01x08_Pin,tht,True
135.0,-119.0,0.0,top,L1,,L_Wuerth_HCI-1040,10uH,smt,True
138.005,-108.075,-90.0,top,Q1,,Trasphorm_Power_DFN-8L_5x6,~,smt,True
125.605,-104.8,180.0,top,R1,,R_0805_2012Metric_Pad1.20x1.40mm_HandSolder,1M,smt,True
125.605,-101.8,0.0,top,R2,,R_0805_2012Metric_Pad1.20x1.40mm_HandSolder,100k,smt,True
121.505,-110.55,180.0,top,R3,,R_0805_2012Metric_Pad1.20x1.40mm_HandSolder,49.9k,smt,True
121.505,-101.73,180.0,top,R4,,R_0805_2012Metric_Pad1.20x1.40mm_HandSolder,49.9k,smt,True
142.24,-106.188,90.0,top,R5,,R_0805_2012Metric_Pad1.20x1.40mm_HandSolder,0.01,smt,True
153.5,-101.0,180.0,top,R6,,R_1206_3216Metric_Pad1.30x1.75mm_HandSolder,70K,smt,True
137.0,-96.525,180.0,top,R7,,R_0805_2012Metric_Pad1.20x1.40mm_HandSolder,470,smt,True
134.005,-109.22,90.0,top,R8,,R_0805_2012Metric,75,smt,True
137.15,-91.525,0.0,top,RV1,,Potentiometer_Bourns_3314S_Horizontal,5k,smt,True
128.415,-108.54,0.0,top,U1,,MSOP-10-1EP_3x3mm_P0.5mm_EP1.68x1.88mm,LT3758AEMSE,smt,True
