﻿designator,quantity,value,pack,mpn,mount_type
C1,1,0.1uF,C_0805_2012Metric,,smt
"C10, C9",2,1uF,C_1812_4532Metric,,smt
C2,1,C_Polarized,CP_Elec_6.3x5.9,,smt
C3,1,0.01uF,C_0805_2012Metric_Pad1.18x1.45mm_HandSolder,,smt
C4,1,100pF,C_0805_2012Metric_Pad1.18x1.45mm_HandSolder,,smt
C5,1,1uF,C_0805_2012Metric,,smt
C6,1,4.7uF,C_0805_2012Metric_Pad1.18x1.45mm_HandSolder,,smt
C7,1,10uF,CP_Radial_D10.0mm_P5.00mm,,tht
C8,1,0.1uF,C_1206_3216Metric_Pad1.33x1.80mm_HandSolder,,smt
D1,1,WNSC2D04650DJ,TO-252-2_TabPin1,,smt
FB1,1,FerriteBead_Small,R_0603_1608Metric,,smt
"H1, H2",2,MountingHole,MountingHole_2.7mm_M2.5,,tht
J1,1,Conn_01x08_Pin,PinHeader_1x08_P2.54mm_Horizontal,,tht
L1,1,10uH,L_Wuerth_HCI-1040,,smt
Q1,1,~,Trasphorm_Power_DFN-8L_5x6,,smt
R1,1,1M,R_0805_2012Metric_Pad1.20x1.40mm_HandSolder,,smt
R2,1,100k,R_0805_2012Metric_Pad1.20x1.40mm_HandSolder,,smt
"R3, R4",2,49.9k,R_0805_2012Metric_Pad1.20x1.40mm_HandSolder,,smt
R5,1,0.01,R_0805_2012Metric_Pad1.20x1.40mm_HandSolder,,smt
R6,1,70K,R_1206_3216Metric_Pad1.30x1.75mm_HandSolder,,smt
R7,1,470,R_0805_2012Metric_Pad1.20x1.40mm_HandSolder,,smt
R8,1,75,R_0805_2012Metric,,smt
RV1,1,5k,Potentiometer_Bourns_3314S_Horizontal,,smt
U1,1,LT3758AEMSE,MSOP-10-1EP_3x3mm_P0.5mm_EP1.68x1.88mm,,smt
